clonotype_id,consensus_id,length,chain,v_gene,d_gene,j_gene,c_gene,full_length,productive,fwr1,fwr1_nt,cdr1,cdr1_nt,fwr2,fwr2_nt,cdr2,cdr2_nt,fwr3,fwr3_nt,cdr3,cdr3_nt,fwr4,fwr4_nt,reads,umis,v_start,v_end,v_end_ref,j_start,j_start_ref,j_end,fwr1_start,fwr1_end,cdr1_start,cdr1_end,fwr2_start,fwr2_end,cdr2_start,cdr2_end,fwr3_start,fwr3_end,cdr3_start,cdr3_end,fwr4_start,fwr4_end
clonotype1,clonotype1_consensus1,521,TRB,TRBV6-5,TRBD1,TRBJ1-2,TRBC1,true,true,NAGVTQTPKFQVLKTGQSMTLQCAQD,AATGCTGGTGTCACTCAGACCCCAAAATTCCAGGTCCTGAAGACAGGACAGAGCATGACACTGCAGTGTGCCCAGGAT,MNHEY,ATGAACCATGAATAC,MSWYRQDPGMGLRLIHY,ATGTCCTGGTATCGACAAGACCCAGGCATGGGGCTGAGGCTGATTCATTAC,SVGAGI,TCAGTTGGTGCTGGTATC,TDQGEVPNGYNVSRSTTEDFPLRLLSAAPSQTSVYF,ACTGACCAAGGAGAAGTCCCCAATGGCTACAATGTCTCCAGATCAACCACAGAGGATTTCCCGCTCAGGCTGCTGTCGGCTGCTCCCTCCCAGACATCTGTGTACTTC,CASSLGTGIGYYGYTF,TGTGCCAGCAGTCTAGGGACAGGGATCGGCTACTATGGCTACACCTTC,GSGTRLTVV,GGTTCGGGGACCAGGTTAACCGTTGTAG,6085339,20067,66,410,344,421,0,469,123,201,201,216,216,267,267,285,285,393,393,441,441,469
clonotype1,clonotype1_consensus2,743,TRA,TRAV24,,TRAJ49,TRAC,true,true,ILNVEQSPQSLHVQEGDSTNFTCSFP,ATACTGAACGTGGAACAAAGTCCTCAGTCACTGCATGTTCAGGAGGGAGACAGCACCAATTTCACCTGCAGCTTCCCT,SSNFYA,TCCAGCAATTTTTATGCC,LHWYRWETAKSPEALFV,TTACACTGGTACAGATGGGAAACTGCAAAAAGCCCCGAGGCCTTGTTTGTA,MTLNGDE,ATGACTTTAAATGGGGATGAA,KKKGRISATLNTKEGYSYLYIKGSQPEDSATYL,AAGAAGAAAGGACGAATAAGTGCCACTCTTAATACCAAGGAGGGTTACAGCTATTTGTACATCAAAGGATCCCAGCCTGAAGACTCAGCCACATACCTC,CARNTGNQFYF,TGTGCCCGGAACACCGGTAACCAGTTCTATTTT,GTGTSLTVIP,GGGACAGGGACAAGTTTGACGGTCATTCCAA,2502253,7546,304,647,343,645,0,701,370,448,448,466,466,517,517,538,538,637,637,670,670,701
clonotype2,clonotype2_consensus1,590,TRB,TRBV13,TRBD1,TRBJ2-1,TRBC2,true,true,AAGVIQSPRHLIKEKRETATLKCYPI,GCTGCTGGAGTCATCCAGTCCCCAAGACATCTGATCAAAGAAAAGAGGGAAACAGCCACTCTGAAATGCTATCCTATC,PRHDT,CCTAGACACGACACT,VYWYQQGPGQDPQFLIS,GTCTACTGGTACCAGCAGGGTCCAGGTCAGGACCCCCAGTTCCTCATTTCG,FYEKMQ,TTTTATGAAAAGATGCAG,SDKGSIPDRFSAQQFSDYHSELNMSSLELGDSALYF,AGCGATAAAGGAAGCATCCCTGATCGATTCTCAGCTCAACAGTTCAGTGACTATCATTCTGAACTGAACATGAGCTCCTTGGAGCTGGGGGACTCAGCCCTGTACTTC,CASLYGGGGNEQFF,TGTGCCAGCCTATACGGGGGAGGGGGCAATGAGCAGTTCTTC,GPGTRLTVL,GGGCCAGGGACACGGCTCACCGTGCTAG,2920116,7379,111,485,374,494,6,538,198,276,276,291,291,342,342,360,360,468,468,510,510,538
clonotype2,clonotype2_consensus2,662,TRA,TRAV41,,TRAJ49,TRAC,true,true,KNEVEQSPQNLTAQEGEFITINCSYS,AAAAATGAAGTGGAGCAGAGTCCTCAGAACCTGACTGCCCAGGAAGGAGAATTTATCACAATCAACTGCAGTTACTCG,VGISA,GTAGGAATAAGTGCC,LHWLQQHPGGGIVSLFM,TTACACTGGCTGCAACAGCATCCAGGAGGAGGCATTGTTTCCTTGTTTATG,LSSGK,CTGAGCTCAGGGAAG,KKHGRLIATINIQEKHSSLHITASHPRDSAVYI,AAGAAGCATGGAAGATTAATTGCCACAATAAACATACAGGAAAAGCACAGCTCCCTGCACATCACAGCCTCCCATCCCAGAGACTCTGCCGTCTACATC,CAADDTNTGNQFYF,TGTGCTGCCGACGATACGAACACCGGTAACCAGTTCTATTTT,GTGTSLTVIP,GGGACAGGGACAAGTTTGACGGTCATTCCAA,368971,1783,223,559,336,564,0,620,289,367,367,382,382,433,433,448,448,547,547,589,589,620
clonotype2,clonotype2_consensus3,656,TRA,TRAV8-6,,TRAJ48,TRAC,true,true,AQSVTQLDSQVPVFEEAPVELRCNYS,GCCCAGTCTGTGACCCAGCTTGACAGCCAAGTCCCTGTCTTTGAAGAAGCCCCTGTGGAGCTGAGGTGCAACTACTCA,SSVSVY,TCGTCTGTTTCAGTGTAT,LFWYVQYPNQGLQLLLK,CTCTTCTGGTATGTGCAATACCCCAACCAAGGACTCCAGCTTCTCCTGAAG,YLSGSTLV,TATTTATCAGGATCCACCCTGGTT,KGINGFEAEFNKSQTSFHLRKPSVHISDTAEYF,AAAGGCATCAACGGTTTTGAGGCTGAATTTAACAAGAGTCAAACTTCCTTCCACTTGAGGAAACCCTCAGTCCATATAAGCGACACGGCTGAGTACTTC,CAVSAINEKLTF,TGTGCTGTGAGTGCTATAAATGAGAAATTAACCTTT,GTGTRLTIIP,GGGACTGGAACAAGACTCACCATCATACCCA,311696,1661,220,561,341,564,13,614,277,355,355,373,373,424,424,448,448,547,547,583,583,614
clonotype3,clonotype3_consensus1,466,TRB,TRBV28,,TRBJ1-1,TRBC1,true,true,DVKVTQSSRYLVKRTGEKVFLECVQD,GATGTGAAAGTAACCCAGAGCTCGAGATATCTAGTCAAAAGGACGGGAGAGAAAGTTTTTCTGGAATGTGTCCAGGAT,MDHEN,ATGGACCATGAAAAT,MFWYRQDPGLGLRLIYF,ATGTTCTGGTATCGACAAGACCCAGGTCTGGGGCTACGGCTGATCTATTTC,SYDVKM,TCATATGATGTTAAAATG,KEKGDIPEGYSVSREKKERFSLILESASTNQTSMYL,AAAGAAAAAGGAGATATTCCTGAGGGGTACAGTGTCTCTAGAGAGAAGAAGGAGCGCTTCTCCCTGATTCTGGAGTCCGCCAGCACCAACCAGACATCTATGTACCTC,CASSFQGYTEAFF,TGTGCCAGCAGTTTTCAGGGATACACTGAAGCTTTCTTT,GQGTRLTVV,GGACAAGGCACCAGACTCACAGTTGTAG,1036403,3334,20,364,344,366,0,414,77,155,155,170,170,221,221,239,239,347,347,386,386,414
clonotype3,clonotype3_consensus2,609,TRA,TRAV3,,TRAJ26,TRAC,true,true,AQSVAQPEDQVNVAEGNPLTVKCTYS,GCTCAGTCAGTGGCTCAGCCGGAAGATCAGGTCAACGTTGCTGAAGGGAATCCTCTGACTGTGAAATGCACCTATTCA,VSGNPY,GTCTCTGGAAACCCTTAT,LFWYVQYPNRGLQFLLK,CTTTTTTGGTATGTTCAATACCCCAACCGAGGCCTCCAGTTCCTTCTGAAA,YITGDNLV,TACATCACAGGGGATAACCTGGTT,KGSYGFEAEFNKSQTSFHLKKPSALVSDSALYF,AAAGGCAGCTATGGCTTTGAAGCTGAATTTAACAAGAGCCAAACCTCCTTCCACCTGAAGAAACCATCTGCCCTTGTGAGCGACTCCGCTTTGTACTTC,CADYYGQNFVF,TGTGCTGACTACTATGGTCAGAATTTTGTCTTT,GPGTRLSVLP,GGTCCCGGAACCAGATTGTCCGTGCTGCCCT,437918,1779,176,519,343,507,0,567,233,311,311,329,329,380,380,404,404,503,503,536,536,567
clonotype4,clonotype4_consensus1,521,TRB,TRBV6-5,TRBD1,TRBJ1-2,TRBC1,true,true,NAGVTQTPKFQVLKTGQSMTLQCAQD,AATGCTGGTGTCACTCAGACCCCAAAATTCCAGGTCCTGAAGACAGGACAGAGCATGACACTGCAGTGTGCCCAGGAT,MNHEY,ATGAACCATGAATAC,MSWYRQDPGMGLRLIHY,ATGTCCTGGTATCGACAAGACCCAGGCATGGGGCTGAGGCTGATTCATTAC,SVGAGI,TCAGTTGGTGCTGGTATC,TDQGEVPNGYNVSRSTTEDFPLRLLSAAPSQTSVYF,ACTGACCAAGGAGAAGTCCCCAATGGCTACAATGTCTCCAGATCAACCACAGAGGATTTCCCGCTCAGGCTGCTGTCGGCTGCTCCCTCCCAGACATCTGTGTACTTC,CASSLGTGIGYYGYTF,TGTGCCAGCAGTCTAGGGACAGGGATCGGCTACTATGGCTACACCTTC,GSGTRLTVV,GGTTCGGGGACCAGGTTAACCGTTGTAG,532504,1847,66,410,344,421,0,469,123,201,201,216,216,267,267,285,285,393,393,441,441,469
clonotype5,clonotype5_consensus1,748,TRB,TRBV13,TRBD1,TRBJ2-1,TRBC2,true,true,AAGVIQSPRHLIKEKRETATLKCYPI,GCTGCTGGAGTCATCCAGTCCCCAAGACATCTGATCAAAGAAAAGAGGGAAACAGCCACTCTGAAATGCTATCCTATC,PRHDT,CCTAGACACGACACT,VYWYQQGPGQDPQFLIS,GTCTACTGGTACCAGCAGGGTCCAGGTCAGGACCCCCAGTTCCTCATTTCG,FYEKMQ,TTTTATGAAAAGATGCAG,SDKGSIPDRFSAQQFSDYHSELNMSSLELGDSALYF,AGCGATAAAGGAAGCATCCCTGATCGATTCTCAGCTCAACAGTTCAGTGACTATCATTCTGAACTGAACATGAGCTCCTTGGAGCTGGGGGACTCAGCCCTGTACTTC,CASLYGGGGNEQFF,TGTGCCAGCCTATACGGGGGAGGGGGCAATGAGCAGTTCTTC,GPGTRLTVL,GGGCCAGGGACACGGCTCACCGTGCTAG,1745429,4513,269,643,374,652,6,696,356,434,434,449,449,500,500,518,518,626,626,668,668,696
clonotype5,clonotype5_consensus2,884,TRA,TRAV41,,TRAJ49,TRAC,true,true,KNEVEQSPQNLTAQEGEFITINCSYS,AAAAATGAAGTGGAGCAGAGTCCTCAGAACCTGACTGCCCAGGAAGGAGAATTTATCACAATCAACTGCAGTTACTCG,VGISA,GTAGGAATAAGTGCC,LHWLQQHPGGGIVSLFM,TTACACTGGCTGCAACAGCATCCAGGAGGAGGCATTGTTTCCTTGTTTATG,LSSGK,CTGAGCTCAGGGAAG,KKHGRLIATINIQEKHSSLHITASHPRDSAVYI,AAGAAGCATGGAAGATTAATTGCCACAATAAACATACAGGAAAAGCACAGCTCCCTGCACATCACAGCCTCCCATCCCAGAGACTCTGCCGTCTACATC,CAADDTNTGNQFYF,TGTGCTGCCGACGATACGAACACCGGTAACCAGTTCTATTTT,GTGTSLTVIP,GGGACAGGGACAAGTTTGACGGTCATTCCAA,309156,1651,445,781,336,786,0,842,511,589,589,604,604,655,655,670,670,769,769,811,811,842
clonotype6,clonotype6_consensus1,505,TRB,TRBV9,,TRBJ2-3,TRBC2,true,true,DSGVTQTPKHLITATGQRVTLRCSPR,GATTCTGGAGTCACACAAACCCCAAAGCACCTGATCACAGCAACTGGACAGCGAGTGACGCTGAGATGCTCCCCTAGG,SGDLS,TCTGGAGACCTCTCT,VYWYQQSLDQGLQFLIQ,GTGTACTGGTACCAACAGAGCCTGGACCAGGGCCTCCAGTTCCTCATTCAG,YYNGEE,TATTATAATGGAGAAGAG,RAKGNILERFSAQQFPDLHSELNLSSLELGDSALYF,AGAGCAAAAGGAAACATTCTTGAACGATTCTCCGCACAACAGTTCCCTGACTTGCACTCTGAACTAAACCTGAGCTCTCTGGAGCTGGGGGACTCAGCTTTGTATTTC,CASSPSPQLAGTDTQYF,TGTGCCAGCAGCCCCAGCCCCCAGCTAGCGGGCACAGATACGCAGTATTTT,GPGTRLTVL,GGCCCAGGCACCCGGCTGACAGTGCTCG,1110918,2697,47,390,343,404,0,453,104,182,182,197,197,248,248,266,266,374,374,425,425,453
clonotype6,clonotype6_consensus2,482,TRA,TRAV38-2/DV8,,TRAJ33,TRAC,true,true,AQTVTQSQPEMSVQEAETVTLSCTYD,GCTCAGACAGTCACTCAGTCTCAACCAGAGATGTCTGTGCAGGAGGCAGAGACCGTGACCCTGAGCTGCACATATGAC,TSESDYY,ACCAGTGAGAGTGATTATTAT,LFWYKQPPSRQMILVIR,TTATTCTGGTACAAGCAGCCTCCCAGCAGGCAGATGATTCTCGTTATTCGC,QEAYKQQN,CAAGAAGCTTATAAGCAACAGAAT,ATENRFSVNFQKAAKSFSLKISDSQLGDAAMYF,GCAACAGAGAATCGTTTCTCTGTGAACTTCCAGAAAGCAGCCAAATCCTTCAGTCTCAAGATCTCAGACTCACAGCTGGGGGATGCCGCGATGTATTTC,CAYSNYQLIW,TGTGCTTATAGCAACTATCAGTTAATCTGG,GAGTKLIIKP,GGCGCTGGGACCAAGCTAATTATAAAGCCAG,821520,2392,46,395,349,383,0,440,106,184,184,205,205,256,256,280,280,379,379,409,409,440
clonotype7,clonotype7_consensus1,505,TRB,TRBV12-4,,TRBJ1-2,TRBC1,true,true,DAGVIQSPRHEVTEMGQEVTLRCKPI,GATGCTGGAGTTATCCAGTCACCCCGGCACGAGGTGACAGAGATGGGACAAGAAGTGACTCTGAGATGTAAACCAATT,SGHDY,TCAGGACACGACTAC,LFWYRQTMMRGLELLIY,CTTTTCTGGTACAGACAGACCATGATGCGGGGACTGGAGTTGCTCATTTAC,FNNNVP,TTTAACAACAACGTTCCG,IDDSGMPEDRFSAKMPNASFSTLKIQPSEPRDSAVYF,ATAGATGATTCAGGGATGCCCGAGGATCGATTCTCAGCTAAGATGCCTAATGCATCATTCTCCACTCTGAAGATCCAGCCCTCAGAACCCAGGGACTCAGCTGTGTACTTC,CASSSAHYGYTF,TGTGCCAGCAGTTCGGCCCACTATGGCTACACCTTC,GSGTRLTVV,GGTTCGGGGACCAGGTTAACCGTTGTAG,100417,323,59,406,347,405,0,453,116,194,194,209,209,260,260,278,278,389,389,425,425,453
clonotype7,clonotype7_consensus2,520,TRA,TRAV35,,TRAJ50,TRAC,true,true,GQQLNQSPQSMFIQEGEDVSMNCTSS,GGTCAACAGCTGAATCAGAGTCCTCAATCTATGTTTATCCAGGAAGGAGAAGATGTCTCCATGAACTGCACTTCTTCA,SIFNT,AGCATATTTAACACC,WLWYKQDPGEGPVLLIA,TGGCTATGGTACAAGCAGGACCCTGGGGAAGGTCCTGTCCTCTTGATAGCC,LYKAGEL,TTATATAAGGCTGGTGAATTG,TSNGRLTAQFGITRKDSFLNISASIPSDVGIYF,ACCTCAAATGGAAGACTGACTGCTCAGTTTGGTATAACCAGAAAGGACAGCTTCCTGAATATCTCAGCATCCATACCTAGTGATGTAGGCATCTACTTC,CAGPRKTSYDKVIF,TGTGCTGGGCCCAGGAAAACCTCCTACGACAAGGTGATATTT,GPGTSLSVIP,GGGCCAGGGACAAGCTTATCAGTCATTCCAA,26778,110,87,417,330,418,0,478,141,219,219,234,234,285,285,306,306,405,405,447,447,478
clonotype8,clonotype8_consensus1,498,TRB,TRBV6-6,,TRBJ2-5,TRBC2,true,true,NAGVTQTPKFRILKIGQSMTLQCTQD,AATGCTGGTGTCACTCAGACCCCAAAATTCCGCATCCTGAAGATAGGACAGAGCATGACACTGCAGTGTACCCAGGAT,MNHNY,ATGAACCATAACTAC,MYWYRQDPGMGLKLIYY,ATGTACTGGTATCGACAAGACCCAGGCATGGGGCTGAAGCTGATTTATTAT,SVGAGI,TCAGTTGGTGCTGGTATC,TDKGEVPNGYNVSRSTTEDFPLRLELAAPSQTSVYF,ACTGATAAAGGAGAAGTCCCGAATGGCTACAACGTCTCCAGATCAACCACAGAGGATTTCCCGCTCAGGCTGGAGTTGGCTGCTCCCTCCCAGACATCTGTGTACTTC,CASSPAAGVTETQYF,TGTGCCAGCAGTCCTGCAGCGGGAGTAACAGAGACCCAGTACTTC,GPGTRLLVL,GGGCCAGGCACGCGGCTCCTGGTGCTCG,90067,282,46,390,344,398,0,446,103,181,181,196,196,247,247,265,265,373,373,418,418,446
clonotype8,clonotype8_consensus2,557,TRA,TRAV21,,TRAJ41,TRAC,true,true,KQEVTQIPAALSVPEGENLVLNCSFT,AAACAGGAGGTGACGCAGATTCCTGCAGCTCTGAGTGTCCCAGAAGGAGAAAACTTGGTTCTCAACTGCAGTTTCACT,DSAIYN,GATAGCGCTATTTACAAC,LQWFRQDPGKGLTSLLL,CTCCAGTGGTTTAGGCAGGACCCTGGGAAAGGTCTCACATCTCTGTTGCTT,IQSSQRE,ATTCAGTCAAGTCAGAGAGAG,QTSGRLNASLDKSSGRSTLYIAASQPGDSATYL,CAAACAAGTGGAAGACTTAATGCCTCGCTGGATAAATCATCAGGACGTAGTACTTTATACATTGCAGCTTCTCAGCCTGGTGACTCAGCCACCTACCTC,CAVRRDSGYALNF,TGTGCTGTGAGGCGGGATTCCGGGTATGCACTCAACTTC,GKGTSLLVTP,GGCAAAGGCACCTCGCTGTTGGTCACACCCC,60254,178,121,457,336,461,8,515,178,256,256,274,274,325,325,346,346,445,445,484,484,515
clonotype9,clonotype9_consensus1,518,TRB,TRBV6-5,TRBD1,TRBJ1-2,TRBC1,true,true,NAGVTQTPKFQVLKTGQSMTLQCAQD,AATGCTGGTGTCACTCAGACCCCAAAATTCCAGGTCCTGAAGACAGGACAGAGCATGACACTGCAGTGTGCCCAGGAT,MNHEY,ATGAACCATGAATAC,MSWYRQDPGMGLRLIHY,ATGTCCTGGTATCGACAAGACCCAGGCATGGGGCTGAGGCTGATTCATTAC,SVGAGI,TCAGTTGGTGCTGGTATC,TDQGEVPNGYNVSRSTTEDFPLRLLSAAPSQTSVYF,ACTGACCAAGGAGAAGTCCCCAATGGCTACAATGTCTCCAGATCAACCACAGAGGATTTCCCGCTCAGGCTGCTGTCGGCTGCTCCCTCCCAGACATCTGTGTACTTC,CASSPVTGSPYGYTF,TGTGCCAGCAGCCCCGTGACAGGGAGCCCTTATGGCTACACCTTC,GSGTRLTVV,GGTTCGGGGACCAGGTTAACCGTTGTAG,86526,328,66,410,344,418,0,466,123,201,201,216,216,267,267,285,285,393,393,438,438,466
clonotype9,clonotype9_consensus2,680,TRA,TRAV24,,TRAJ49,TRAC,true,true,ILNVEQSPQSLHVQEGDSTNFTCSFP,ATACTGAACGTGGAACAAAGTCCTCAGTCACTGCATGTTCAGGAGGGAGACAGCACCAATTTCACCTGCAGCTTCCCT,SSNFYA,TCCAGCAATTTTTATGCC,LHWYRWETAKSPEALFV,TTACACTGGTACAGATGGGAAACTGCAAAAAGCCCCGAGGCCTTGTTTGTA,MTLNGDE,ATGACTTTAAATGGGGATGAA,KKKGRISATLNTKEGYSYLYIKGSQPEDSATYL,AAGAAGAAAGGACGAATAAGTGCCACTCTTAATACCAAGGAGGGTTACAGCTATTTGTACATCAAAGGATCCCAGCCTGAAGACTCAGCCACATACCTC,CARNTGNQFYF,TGTGCCAGGAACACCGGTAACCAGTTCTATTTT,GTGTSLTVIP,GGGACAGGGACAAGTTTGACGGTCATTCCAA,48185,141,241,584,343,582,0,638,307,385,385,403,403,454,454,475,475,574,574,607,607,638
clonotype10,clonotype10_consensus1,693,TRB,TRBV13,TRBD1,TRBJ2-1,TRBC2,true,true,AAGVIQSPRHLIKEKRETATLKCYPI,GCTGCTGGAGTCATCCAGTCCCCAAGACATCTGATCAAAGAAAAGAGGGAAACAGCCACTCTGAAATGCTATCCTATC,PRHDT,CCTAGACACGACACT,VYWYQQGPGQDPQFLIS,GTCTACTGGTACCAGCAGGGTCCAGGTCAGGACCCCCAGTTCCTCATTTCG,FYEKMQ,TTTTATGAAAAGATGCAG,SDKGSIPDRFSAQQFSDYHSELNMSSLELGDSALYF,AGCGATAAAGGAAGCATCCCTGATCGATTCTCAGCTCAACAGTTCAGTGACTATCATTCTGAACTGAACATGAGCTCCTTGGAGCTGGGGGACTCAGCCCTGTACTTC,CASLYGGGGNEQFF,TGTGCCAGCCTATACGGGGGAGGGGGCAATGAGCAGTTCTTC,GPGTRLTVL,GGGCCAGGGACACGGCTCACCGTGCTAG,173633,481,214,588,374,597,6,641,301,379,379,394,394,445,445,463,463,571,571,613,613,641
clonotype10,clonotype10_consensus2,656,TRA,TRAV8-6,,TRAJ48,TRAC,true,true,AQSVTQLDSQVPVFEEAPVELRCNYS,GCCCAGTCTGTGACCCAGCTTGACAGCCAAGTCCCTGTCTTTGAAGAAGCCCCTGTGGAGCTGAGGTGCAACTACTCA,SSVSVY,TCGTCTGTTTCAGTGTAT,LFWYVQYPNQGLQLLLK,CTCTTCTGGTATGTGCAATACCCCAACCAAGGACTCCAGCTTCTCCTGAAG,YLSGSTLV,TATTTATCAGGATCCACCCTGGTT,KGINGFEAEFNKSQTSFHLRKPSVHISDTAEYF,AAAGGCATCAACGGTTTTGAGGCTGAATTTAACAAGAGTCAAACTTCCTTCCACTTGAGGAAACCCTCAGTCCATATAAGCGACACGGCTGAGTACTTC,CAVSAINEKLTF,TGTGCTGTGAGTGCTATAAATGAGAAATTAACCTTT,GTGTRLTIIP,GGGACTGGAACAAGACTCACCATCATACCCA,25991,164,220,561,341,564,13,614,277,355,355,373,373,424,424,448,448,547,547,583,583,614
clonotype11,clonotype11_consensus1,519,TRB,TRBV11-2,,TRBJ1-1,TRBC1,true,true,EAGVAQSPRYKIIEKRQSVAFWCNPI,GAAGCTGGAGTTGCCCAGTCTCCCAGATATAAGATTATAGAGAAAAGGCAGAGTGTGGCTTTTTGGTGCAATCCTATA,SGHAT,TCTGGCCATGCTACC,LYWYQQILGQGPKLLIQ,CTTTACTGGTACCAGCAGATCCTGGGACAGGGCCCAAAGCTTCTGATTCAG,FQNNGV,TTTCAGAATAACGGTGTA,VDDSQLPKDRFSAERLKGVDSTLKIQPAKLEDSAVYL,GTGGATGATTCACAGTTGCCTAAGGATCGATTTTCTGCAGAGAGGCTCAAAGGAGTAGACTCCACTCTCAAGATCCAGCCTGCAAAGCTTGAGGACTCGGCCGTGTATCTC,CASSHDGWGTEAFF,TGTGCCAGCAGCCATGACGGATGGGGCACTGAAGCTTTCTTT,GQGTRLTVV,GGACAAGGCACCAGACTCACAGTTGTAG,116073,329,67,409,342,419,0,467,124,202,202,217,217,268,268,286,286,397,397,439,439,467
clonotype11,clonotype11_consensus2,541,TRA,TRAV2,,TRAJ41,TRAC,true,true,KDQVFQPSTVASSEGAVVEIFCNHS,AAGGACCAAGTGTTTCAGCCTTCCACAGTGGCATCTTCAGAGGGAGCTGTGGTGGAAATCTTCTGTAATCACTCT,VSNAYN,GTGTCCAATGCTTACAAC,FFWYLHFPGCAPRLLVK,TTCTTCTGGTACCTTCACTTCCCGGGATGTGCACCAAGACTCCTTGTTAAA,GSKP,GGCTCAAAGCCT,SQQGRYNMTYERFSSSLLILQVREADAAVYY,TCTCAGCAGGGACGATACAACATGACCTATGAACGGTTCTCTTCATCGCTGCTCATCCTCCAGGTGCGGGAGGCAGATGCTGCTGTTTACTAC,CAVDYNSNSGYALNF,TGTGCTGTGGATTATAACTCAAATTCCGGGTATGCACTCAACTTC,GKGTSLLVTP,GGCAAAGGCACCTCGCTGTTGGTCACACCCC,8042,26,99,437,338,437,0,499,174,249,249,267,267,318,318,330,330,423,423,468,468,499
clonotype12,clonotype12_consensus1,505,TRB,TRBV3-1,,TRBJ2-1,TRBC2,true,true,DTAVSQTPKYLVTQMGNDKSIKCEQN,GACACAGCTGTTTCCCAGACTCCAAAATACCTGGTCACACAGATGGGAAACGACAAGTCCATTAAATGTGAACAAAAT,LGHDT,CTGGGCCATGATACT,MYWYKQDSKKFLKIMFS,ATGTATTGGTATAAACAGGACTCTAAGAAATTTCTGAAGATAATGTTTAGC,YNNKEL,TACAATAATAAGGAGCTC,IINETVPNRFSPKSPDKAHLNLHINSLELGDSAVYF,ATTATAAATGAAACAGTTCCAAATCGCTTCTCACCTAAATCTCCAGACAAAGCTCACTTAAATCTTCACATCAATTCCCTGGAGCTTGGTGACTCTGCTGTGTATTTC,CASSRVVAGGVGNEQFF,TGTGCCAGCAGCAGGGTAGTAGCGGGGGGCGTGGGCAATGAGCAGTTCTTC,GPGTRLTVL,GGGCCAGGGACACGGCTCACCGTGCTAG,51423,142,47,391,344,403,0,453,104,182,182,197,197,248,248,266,266,374,374,425,425,453
clonotype12,clonotype12_consensus2,505,TRA,TRAV24,,TRAJ21,TRAC,true,true,ILNVEQSPQSLHVQEGDSTNFTCSFP,ATACTGAACGTGGAACAAAGTCCTCAGTCACTGCATGTTCAGGAGGGAGACAGCACCAATTTCACCTGCAGCTTCCCT,SSNFYA,TCCAGCAATTTTTATGCC,LHWYRWETAKSPEALFV,TTACACTGGTACAGATGGGAAACTGCAAAAAGCCCCGAGGCCTTGTTTGTA,MTLNGDE,ATGACTTTAAATGGGGATGAA,KKKGRISATLNTKEGYSYLYIKGSQPEDSATYL,AAGAAGAAAGGACGAATAAGTGCCACTCTTAATACCAAGGAGGGTTACAGCTATTTGTACATCAAAGGATCCCAGCCTGAAGACTCAGCCACATACCTC,CALYNFNKFYF,TGTGCCTTATACAACTTCAACAAATTTTACTTT,GSGTKLNVKP,GGATCTGGGACCAAACTCAATGTAAAACCAA,8809,22,66,409,343,408,0,463,132,210,210,228,228,279,279,300,300,399,399,432,432,463
clonotype12,clonotype12_consensus3,543,TRA,TRAV21,,TRAJ43,TRAC,true,true,KQEVTQIPAALSVPEGENLVLNCSFT,AAACAGGAGGTGACGCAGATTCCTGCAGCTCTGAGTGTCCCAGAAGGAGAAAACTTGGTTCTCAACTGCAGTTTCACT,DSAIYN,GATAGCGCTATTTACAAC,LQWFRQDPGKGLTSLLL,CTCCAGTGGTTTAGGCAGGACCCTGGGAAAGGTCTCACATCTCTGTTGCTT,IQSSQRE,ATTCAGTCAAGTCAGAGAGAG,QTSGRLNASLDKSSGRSTLYIAASQPGDSATYL,CAAACAAGTGGAAGACTTAATGCCTCGCTGGATAAATCATCAGGACGTAGTACTTTATACATTGCAGCTTCTCAGCCTGGTGACTCAGCCACCTACCTC,CAVQEQNDMRF,TGTGCTGTGCAGGAACAAAATGACATGCGCTTT,GAGTRLTVKP,GGAGCAGGGACCAGACTGACAGTAAAACCAA,41779,109,113,449,336,447,0,501,170,248,248,266,266,317,317,338,338,437,437,470,470,501
clonotype13,clonotype13_consensus1,468,TRB,TRBV28,,TRBJ1-1,TRBC1,true,true,DVKVTQSSRYLVKRTGEKVFLECVQD,GATGTGAAAGTAACCCAGAGCTCGAGATATCTAGTCAAAAGGACGGGAGAGAAAGTTTTTCTGGAATGTGTCCAGGAT,MDHEN,ATGGACCATGAAAAT,MFWYRQDPGLGLRLIYF,ATGTTCTGGTATCGACAAGACCCAGGTCTGGGGCTACGGCTGATCTATTTC,SYDVKM,TCATATGATGTTAAAATG,KEKGDIPEGYSVSREKKERFSLILESASTNQTSMYL,AAAGAAAAAGGAGATATTCCTGAGGGGTACAGTGTCTCTAGAGAGAAGAAGGAGCGCTTCTCCCTGATTCTGGAGTCCGCCAGCACCAACCAGACATCTATGTACCTC,CASRSQGTLEAFF,TGTGCCAGCAGGTCACAGGGAACACTTGAAGCTTTCTTT,GQGTRLTVV,GGACAAGGCACCAGACTCACAGTTGTAG,32949,105,22,366,344,375,7,416,79,157,157,172,172,223,223,241,241,349,349,388,388,416
clonotype13,clonotype13_consensus2,574,TRA,TRAV19,,TRAJ40,TRAC,true,true,AQKVTQAQTEISVVEKEDVTLDCVYE,GCTCAGAAGGTAACTCAAGCGCAGACTGAAATTTCTGTGGTGGAGAAGGAGGATGTGACCTTGGACTGTGTGTATGAA,TRDTTYY,ACCCGTGATACTACTTATTAC,LFWYKQPPSGELVFLIR,TTATTCTGGTACAAGCAACCACCAAGTGGAGAATTGGTTTTCCTTATTCGT,RNSFDEQN,CGGAACTCTTTTGATGAGCAAAAT,EISGRYSWNFQKSTSSFNFTITASQVVDSAVYF,GAAATAAGTGGTCGGTATTCTTGGAACTTCCAGAAATCCACCAGTTCCTTCAACTTCACCATCACAGCCTCACAAGTCGTGGACTCAGCAGTATACTTC,CALSSLGPASGTYKYIF,TGTGCTCTGAGTTCCCTGGGACCGGCCTCAGGAACCTACAAATACATCTTT,GTGTRLKVLA,GGAACAGGCACCAGGCTGAAGGTTTTAGCAA,7607,34,117,467,350,471,0,532,177,255,255,276,276,327,327,351,351,450,450,501,501,532
clonotype13,clonotype13_consensus3,492,TRA,TRAV12-3,,TRAJ26,TRAC,true,true,QKEVEQDPGPLSVPEGAIVSLNCTYS,CAGAAGGAGGTGGAGCAGGATCCTGGACCACTCAGTGTTCCAGAGGGAGCCATTGTTTCTCTCAACTGCACTTACAGC,NSAFQY,AACAGTGCTTTTCAATAC,FMWYRQYSRKGPELLMY,TTCATGTGGTACAGACAGTATTCCAGAAAAGGCCCTGAGTTGCTGATGTAC,TYSSGN,ACATACTCCAGTGGTAAC,KEDGRFTAQVDKSSKYISLFIRDSQPSDSATYL,AAAGAAGATGGAAGGTTTACAGCACAGGTCGATAAATCCAGCAAGTATATCTCCTTGTTCATCAGAGACTCACAGCCCAGTGATTCAGCCACCTACCTC,CAMTDGQNFVF,TGTGCAATGACCGATGGTCAGAATTTTGTCTTT,GPGTRLSVLP,GGTCCCGGAACCAGATTGTCCGTGCTGCCCT,14933,60,56,399,343,399,9,450,122,200,200,218,218,269,269,287,287,386,386,419,419,450
clonotype14,clonotype14_consensus1,670,TRB,TRBV5-6,,TRBJ2-7,TRBC2,true,true,DAGVTQSPTHLIKTRGQQVTLRCSPK,GACGCTGGAGTCACCCAAAGTCCCACACACCTGATCAAAACGAGAGGACAGCAAGTGACTCTGAGATGCTCTCCTAAG,SGHDT,TCTGGGCATGACACT,VSWYQQALGQGPQFIFQ,GTGTCCTGGTACCAACAGGCCCTGGGTCAGGGGCCCCAGTTTATCTTTCAG,YYEEEE,TATTATGAGGAGGAAGAG,RQRGNFPDRFSGHQFPNYSSELNVNALWLGDSALYL,AGACAGAGAGGCAACTTCCCTGATCGATTCTCAGGTCACCAGTTCCCTAACTATAGCTCTGAGCTGAATGTGAACGCCTTGTGGCTGGGGGACTCGGCCCTCTATCTC,CASRTYQAGDEGEQYF,TGTGCCAGCAGGACGTACCAAGCGGGAGATGAGGGCGAGCAGTACTTC,GPGTRLTVT,GGGCCGGGCACCAGGCTCACGGTCACAG,18026,59,215,558,343,577,6,618,272,350,350,365,365,416,416,434,434,542,542,590,590,618
clonotype14,clonotype14_consensus2,516,TRA,TRAV38-1,,TRAJ26,TRAC,true,true,AQTVTQSQPEMSVQEAETVTLSCTYD,GCCCAGACAGTCACTCAGTCTCAACCAGAGATGTCTGTGCAGGAGGCAGAGACTGTGACCCTGAGTTGCACATATGAC,TSENNYY,ACCAGTGAGAATAATTATTAT,LFWYKQPPSRQMILVIR,TTGTTCTGGTACAAGCAGCCTCCCAGCAGGCAGATGATTCTCGTTATTCGC,QEAYKQQN,CAAGAAGCTTATAAGCAACAGAAT,ATENRFSVNFQKAAKSFSLKISDSQLGDTAMYF,GCAACGGAGAATCGTTTCTCTGTGAACTTCCAGAAAGCAGCCAAATCCTTCAGTCTCAAGATCTCAGACTCACAGCTGGGGGACACTGCGATGTATTTC,CAFITTFDNYGQNFVF,TGTGCTTTCATTACGACGTTCGATAACTATGGTCAGAATTTTGTCTTT,GPGTRLSVLP,GGTCCCGGAACCAGATTGTCCGTGCTGCCCT,9941,28,62,412,350,414,0,474,122,200,200,221,221,272,272,296,296,395,395,443,443,474
clonotype15,clonotype15_consensus1,502,TRB,TRBV12-4,,TRBJ1-2,TRBC1,true,true,DAGVIQSPRHEVTEMGQEVTLRCKPI,GATGCTGGAGTTATCCAGTCACCCCGGCACGAGGTGACAGAGATGGGACAAGAAGTGACTCTGAGATGTAAACCAATT,SGHDY,TCAGGACACGACTAC,LFWYRQTMMRGLELLIY,CTTTTCTGGTACAGACAGACCATGATGCGGGGACTGGAGTTGCTCATTTAC,FNNNVP,TTTAACAACAACGTTCCG,IDDSGMPEDRFSAKMPNASFSTLKIQPSEPRDSAVYF,ATAGATGATTCAGGGATGCCCGAGGATCGATTCTCAGCTAAGATGCCTAATGCATCATTCTCCACTCTGAAGATCCAGCCCTCAGAACCCAGGGACTCAGCTGTGTACTTC,CASSSVAGWTF,TGTGCCAGCAGTTCCGTTGCCGGGTGGACCTTC,GSGTRLTVV,GGTTCGGGGACCAGGTTAACCGTTGTAG,24954,67,59,406,347,416,14,450,116,194,194,209,209,260,260,278,278,389,389,422,422,450
clonotype15,clonotype15_consensus2,563,TRA,TRAV22,,TRAJ26,TRAC,true,true,GIQVEQSPPDLILQEGANSTLRCNFS,GGAATACAAGTGGAGCAGAGTCCTCCAGACCTGATTCTCCAGGAGGGAGCCAATTCCACGCTGCGGTGCAATTTTTCT,DSVNN,GACTCTGTGAACAAT,LQWFHQNPWGQLINLFY,TTGCAGTGGTTTCATCAAAACCCTTGGGGACAGCTCATCAACCTGTTTTAC,IPSGT,ATTCCCTCAGGGACA,KQNGRLSATTVATERYSLLYISSSQTTDSGVYF,AAACAGAATGGAAGATTAAGCGCCACGACTGTCGCTACGGAACGCTACAGCTTATTGTACATTTCCTCTTCCCAGACCACAGACTCAGGCGTTTATTTC,CAVVDNYGQNFVF,TGTGCTGTGGTCGATAACTATGGTCAGAATTTTGTCTTT,GPGTRLSVLP,GGTCCCGGAACCAGATTGTCCGTGCTGCCCT,2505,8,133,464,331,461,0,521,193,271,271,286,286,337,337,352,352,451,451,490,490,521
clonotype16,clonotype16_consensus1,521,TRB,TRBV6-5,TRBD1,TRBJ1-2,TRBC1,true,true,NAGVTQTPKFQVLKTGQSMTLQCAQD,AATGCTGGTGTCACTCAGACCCCAAAATTCCAGGTCCTGAAGACAGGACAGAGCATGACACTGCAGTGTGCCCAGGAT,MNHEY,ATGAACCATGAATAC,MSWYRQDPGMGLRLIHY,ATGTCCTGGTATCGACAAGACCCAGGCATGGGGCTGAGGCTGATTCATTAC,SVGAGI,TCAGTTGGTGCTGGTATC,TDQGEVPNGYNVSRSTTEDFPLRLLSAAPSQTSVYF,ACTGACCAAGGAGAAGTCCCCAATGGCTACAATGTCTCCAGATCAACCACAGAGGATTTCCCGCTCAGGCTGCTGTCGGCTGCTCCCTCCCAGACATCTGTGTACTTC,CASSLGTGIGYYGYTF,TGTGCCAGCAGTCTAGGGACAGGGATCGGCTACTATGGCTACACCTTC,GSGTRLTVV,GGTTCGGGGACCAGGTTAACCGTTGTAG,3822,10,66,410,344,421,0,469,123,201,201,216,216,267,267,285,285,393,393,441,441,469
clonotype16,clonotype16_consensus2,518,TRB,TRBV6-5,TRBD1,TRBJ2-7,TRBC2,true,true,NAGVTQTPKFQVLKTGQSMTLQCAQD,AATGCTGGTGTCACTCAGACCCCAAAATTCCAGGTCCTGAAGACAGGACAGAGCATGACACTGCAGTGTGCCCAGGAT,MNHEY,ATGAACCATGAATAC,MSWYRQDPGMGLRLIHY,ATGTCCTGGTATCGACAAGACCCAGGCATGGGGCTGAGGCTGATTCATTAC,SVGAGI,TCAGTTGGTGCTGGTATC,TDQGEVPNGYNVSRSTTEDFPLRLLSAAPSQTSVYF,ACTGACCAAGGAGAAGTCCCCAATGGCTACAATGTCTCCAGATCAACCACAGAGGATTTCCCGCTCAGGCTGCTGTCGGCTGCTCCCTCCCAGACATCTGTGTACTTC,CASSPQTGAIYEQYF,TGTGCCAGCAGCCCCCAGACAGGGGCCATCTACGAGCAGTACTTC,GPGTRLTVT,GGGCCGGGCACCAGGCTCACGGTCACAG,14326,36,66,410,344,419,0,466,123,201,201,216,216,267,267,285,285,393,393,438,438,466
clonotype16,clonotype16_consensus3,609,TRA,TRAV3,,TRAJ47,TRAC,true,true,AQSVAQPEDQVNVAEGNPLTVKCTYS,GCTCAGTCAGTGGCTCAGCCGGAAGATCAGGTCAACGTTGCTGAAGGGAATCCTCTGACTGTGAAATGCACCTATTCA,VSGNPY,GTCTCTGGAAACCCTTAT,LFWYVQYPNRGLQFLLK,CTTTTTTGGTATGTTCAATACCCCAACCGAGGCCTCCAGTTCCTTCTGAAA,YITGDNLV,TACATCACAGGGGATAACCTGGTT,KGSYGFEAEFNKSQTSFHLKKPSALVSDSALYF,AAAGGCAGCTATGGCTTTGAAGCTGAATTTAACAAGAGCCAAACCTCCTTCCACCTGAAGAAACCATCTGCCCTTGTGAGCGACTCCGCTTTGTACTTC,CAVLYGNKLVF,TGTGCTGTTTTATATGGAAACAAGCTGGTCTTT,GAGTILRVKS,GGCGCAGGAACCATTCTGAGAGTCAAGTCCT,3820,24,176,519,343,510,0,567,233,311,311,329,329,380,380,404,404,503,503,536,536,567
clonotype17,clonotype17_consensus1,498,TRB,TRBV6-6,,TRBJ2-5,TRBC2,true,true,NAGVTQTPKFRILKIGQSMTLQCTQD,AATGCTGGTGTCACTCAGACCCCAAAATTCCGCATCCTGAAGATAGGACAGAGCATGACACTGCAGTGTACCCAGGAT,MNHNY,ATGAACCATAACTAC,MYWYRQDPGMGLKLIYY,ATGTACTGGTATCGACAAGACCCAGGCATGGGGCTGAAGCTGATTTATTAT,SVGAGI,TCAGTTGGTGCTGGTATC,TDKGEVPNGYNVSRSTTEDFPLRLELAAPSQTSVYF,ACTGATAAAGGAGAAGTCCCGAATGGCTACAACGTCTCCAGATCAACCACAGAGGATTTCCCGCTCAGGCTGGAGTTGGCTGCTCCCTCCCAGACATCTGTGTACTTC,CASSGLAGLLETQYF,TGTGCCAGCAGTGGGCTAGCGGGATTGTTAGAGACCCAGTACTTC,GPGTRLLVL,GGGCCAGGCACGCGGCTCCTGGTGCTCG,10358,34,46,390,344,398,0,446,103,181,181,196,196,247,247,265,265,373,373,418,418,446
clonotype17,clonotype17_consensus2,520,TRA,TRAV21,,TRAJ33,TRAC,true,true,KQEVTQIPAALSVPEGENLVLNCSFT,AAACAGGAGGTGACGCAGATTCCTGCAGCTCTGAGTGTCCCAGAAGGAGAAAACTTGGTTCTCAACTGCAGTTTCACT,DSAIYN,GATAGCGCTATTTACAAC,LQWFRQDPGKGLTSLLL,CTCCAGTGGTTTAGGCAGGACCCTGGGAAAGGTCTCACATCTCTGTTGCTT,IQSSQRE,ATTCAGTCAAGTCAGAGAGAG,QTSGRLNASLDKSSGRSTLYIAASQPGDSATYL,CAAACAAGTGGAAGACTTAATGCCTCGCTGGATAAATCATCAGGACGTAGTACTTTATACATTGCAGCTTCTCAGCCTGGTGACTCAGCCACCTACCTC,CAVRPDSNYQLIW,TGTGCTGTGAGGCCGGATAGCAACTATCAGTTAATCTGG,GAGTKLIIKP,GGCGCTGGGACCAAGCTAATTATAAAGCCAG,8367,28,84,420,336,421,0,478,141,219,219,237,237,288,288,309,309,408,408,447,447,478
clonotype18,clonotype18_consensus1,498,TRB,TRBV12-4,,TRBJ1-2,TRBC1,true,true,DAGVIQSPRHEVTEMGQEVTLRCKPI,GATGCTGGAGTTATCCAGTCACCCCGGCACGAGGTGACAGAGATGGGACAAGAAGTGACTCTGAGATGTAAACCAATT,SGHDY,TCAGGACACGACTAC,LFWYRQTMMRGLELLIY,CTTTTCTGGTACAGACAGACCATGATGCGGGGACTGGAGTTGCTCATTTAC,FNNNVP,TTTAACAACAACGTTCCG,IDDSGMPEDRFSAKMPNASFSTLKIQPSEPRDSAVYF,ATAGATGATTCAGGGATGCCCGAGGATCGATTCTCAGCTAAGATGCCTAATGCATCATTCTCCACTCTGAAGATCCAGCCCTCAGAACCCAGGGACTCAGCTGTGTACTTC,CASSSANYGYTF,TGTGCCAGCAGTTCGGCGAACTATGGCTACACCTTC,GSGTRLTVV,GGTTCGGGGACCAGGTTAACCGTTGTAG,2080,9,52,399,347,398,0,446,109,187,187,202,202,253,253,271,271,382,382,418,418,446
clonotype18,clonotype18_consensus2,480,TRA,TRAV35,,TRAJ50,TRAC,true,true,GQQLNQSPQSMFIQEGEDVSMNCTSS,GGTCAACAGCTGAATCAGAGTCCTCAATCTATGTTTATCCAGGAAGGAGAAGATGTCTCCATGAACTGCACTTCTTCA,SIFNT,AGCATATTTAACACC,WLWYKQDPGEGPVLLIA,TGGCTATGGTACAAGCAGGACCCTGGGGAAGGTCCTGTCCTCTTGATAGCC,LYKAGEL,TTATATAAGGCTGGTGAATTG,TSNGRLTAQFGITRKDSFLNISASIPSDVGIYF,ACCTCAAATGGAAGACTGACTGCTCAGTTTGGTATAACCAGAAAGGACAGCTTCCTGAATATCTCAGCATCCATACCTAGTGATGTAGGCATCTACTTC,CAGPMKTSYDKVIF,TGTGCTGGGCCCATGAAAACCTCCTACGACAAGGTGATATTT,GPGTSLSVIP,GGGCCAGGGACAAGCTTATCAGTCATTCCAA,3163,11,47,377,330,378,0,438,101,179,179,194,194,245,245,266,266,365,365,407,407,438
clonotype19,clonotype19_consensus1,521,TRB,TRBV6-5,TRBD1,TRBJ1-2,TRBC1,true,true,NAGVTQTPKFQVLKTGQSMTLQCAQD,AATGCTGGTGTCACTCAGACCCCAAAATTCCAGGTCCTGAAGACAGGACAGAGCATGACACTGCAGTGTGCCCAGGAT,MNHEY,ATGAACCATGAATAC,MSWYRQDPGMGLRLIHY,ATGTCCTGGTATCGACAAGACCCAGGCATGGGGCTGAGGCTGATTCATTAC,SVGAGI,TCAGTTGGTGCTGGTATC,TDQGEVPNGYNVSRSTTEDFPLRLLSAAPSQTSVYF,ACTGACCAAGGAGAAGTCCCCAATGGCTACAATGTCTCCAGATCAACCACAGAGGATTTCCCGCTCAGGCTGCTGTCGGCTGCTCCCTCCCAGACATCTGTGTACTTC,CASSLGTGIGYYGYTF,TGTGCCAGCAGTCTAGGGACAGGGATCGGCTACTATGGCTACACCTTC,GSGTRLTVV,GGTTCGGGGACCAGGTTAACCGTTGTAG,4934,14,66,410,344,421,0,469,123,201,201,216,216,267,267,285,285,393,393,441,441,469
clonotype19,clonotype19_consensus2,506,TRB,TRBV6-1,TRBD1,TRBJ1-5,TRBC1,true,true,NAGVTQTPKFQVLKTGQSMTLQCAQD,AATGCTGGTGTCACTCAGACCCCAAAATTCCAGGTCCTGAAGACAGGACAGAGCATGACACTGCAGTGTGCCCAGGAT,MNHNS,ATGAACCATAACTCC,MYWYRQDPGMGLRLIYY,ATGTACTGGTATCGACAAGACCCAGGCATGGGACTGAGGCTGATTTATTAC,SASEGT,TCAGCTTCTGAGGGTACC,TDKGEVPNGYNVSRLNKREFSLRLESAAPSQTSVYF,ACTGACAAAGGAGAAGTCCCCAATGGCTACAATGTCTCCAGATTAAACAAACGGGAGTTCTCGCTCAGGCTGGAGTCGGCTGCTCCCTCCCAGACATCTGTGTACTTC,CASSRDRVNQPQHF,TGTGCCAGCAGCCGGGACAGGGTAAATCAGCCCCAGCATTTT,GDGTRLSIL,GGTGATGGGACTCGACTCTCCATCCTAG,4098,10,57,401,344,404,0,454,114,192,192,207,207,258,258,276,276,384,384,426,426,454
clonotype19,clonotype19_consensus3,491,TRA,TRAV17,,TRAJ16,TRAC,true,true,SQQGEEDPQALSIQEGENATMNCSYK,AGTCAACAGGGAGAAGAGGATCCTCAGGCCTTGAGCATCCAGGAGGGTGAAAATGCCACCATGAACTGCAGTTACAAA,TSINN,ACTAGTATAAACAAT,LQWYRQNSGRGLVHLIL,TTACAGTGGTATAGACAAAATTCAGGTAGAGGCCTTGTCCACCTAATTTTA,IRSNERE,ATACGTTCAAATGAAAGAGAG,KHSGRLRVTLDTSKKSSSLLITASRAADTASYF,AAACACAGTGGAAGATTAAGAGTCACGCTTGACACTTCCAAGAAAAGCAGTTCCTTGTTGATCACGGCTTCCCGGGCAGCAGACACTGCTTCTTACTTC,CATDDGQKLLF,TGTGCTACGGACGATGGCCAGAAGCTGCTCTTT,ARGTMLKVDL,GCAAGGGGGACCATGTTAAAGGTGGATCTTA,7600,23,61,398,337,397,8,449,121,199,199,214,214,265,265,286,286,385,385,418,418,449
clonotype20,clonotype20_consensus1,632,TRB,TRBV19,TRBD1,TRBJ2-1,TRBC2,true,true,DGGITQSPKYLFRKEGQNVTLSCEQN,GATGGTGGAATCACTCAGTCCCCAAAGTACCTGTTCAGAAAGGAAGGACAGAATGTGACCCTGAGTTGTGAACAGAAT,LNHDA,TTGAACCACGATGCC,MYWYRQDPGQGLRLIYY,ATGTACTGGTACCGACAGGACCCAGGGCAAGGGCTGAGATTGATCTACTAC,SQIVND,TCACAGATAGTAAATGAC,FQKGDIAEGYSVSREKKESFPLTVTSAQKNPTAFYL,TTTCAGAAAGGAGATATAGCTGAAGGGTACAGCGTCTCTCGGGAGAAGAAGGAATCCTTTCCTCTCACTGTGACATCGGCCCAAAAGAACCCGACAGCTTTCTATCTC,CASSIIGTGDEQFF,TGTGCCAGTAGTATTATCGGGACAGGGGATGAGCAGTTCTTC,GPGTRLTVL,GGGCCAGGGACACGGCTCACCGTGCTAG,2802,15,183,527,344,538,8,580,240,318,318,333,333,384,384,402,402,510,510,552,552,580
clonotype20,clonotype20_consensus2,485,TRA,TRAV38-2/DV8,,TRAJ43,TRAC,true,true,AQTVTQSQPEMSVQEAETVTLSCTYD,GCTCAGACAGTCACTCAGTCTCAACCAGAGATGTCTGTGCAGGAGGCAGAGACCGTGACCCTGAGCTGCACATATGAC,TSESDYY,ACCAGTGAGAGTGATTATTAT,LFWYKQPPSRQMILVIR,TTATTCTGGTACAAGCAGCCTCCCAGCAGGCAGATGATTCTCGTTATTCGC,QEAYKQQN,CAAGAAGCTTATAAGCAACAGAAT,ATENRFSVNFQKAAKSFSLKISDSQLGDAAMYF,GCAACAGAGAATCGTTTCTCTGTGAACTTCCAGAAAGCAGCCAAATCCTTCAGTCTCAAGATCTCAGACTCACAGCTGGGGGATGCCGCGATGTATTTC,CAYEGLDDMRF,TGTGCTTATGAAGGGTTGGATGACATGCGCTTT,GAGTRLTVKP,GGAGCAGGGACCAGACTGACAGTAAAACCAA,3207,9,46,395,349,398,9,443,106,184,184,205,205,256,256,280,280,379,379,412,412,443
clonotype21,clonotype21_consensus1,496,TRB,TRBV9,,TRBJ2-7,TRBC2,true,true,DSGVTQTPKHLITATGQRVTLRCSPR,GATTCTGGAGTCACACAAACCCCAAAGCACCTGATCACAGCAACTGGACAGCGAGTGACGCTGAGATGCTCCCCTAGG,SGDLS,TCTGGAGACCTCTCT,VYWYQQSLDQGLQFLIQ,GTGTACTGGTACCAACAGAGCCTGGACCAGGGCCTCCAGTTCCTCATTCAG,YYNGEE,TATTATAATGGAGAAGAG,RAKGNILERFSAQQFPDLHSELNLSSLELGDSALYF,AGAGCAAAAGGAAACATTCTTGAACGATTCTCCGCACAACAGTTCCCTGACTTGCACTCTGAACTAAACCTGAGCTCTCTGGAGCTGGGGGACTCAGCTTTGTATTTC,CASSFSGGTDEQYF,TGTGCCAGCAGCTTTAGCGGGGGAACGGACGAGCAGTACTTC,GPGTRLTVT,GGGCCGGGCACCAGGCTCACGGTCACAG,7884,14,47,390,343,397,0,444,104,182,182,197,197,248,248,266,266,374,374,416,416,444
clonotype21,clonotype21_consensus2,517,TRA,TRAV14/DV4,,TRAJ53,TRAC,true,true,AQKITQTQPGMFVQEKEAVTLDCTYD,GCCCAGAAGATAACTCAAACCCAACCAGGAATGTTCGTGCAGGAAAAGGAGGCTGTGACTCTGGACTGCACATATGAC,TSDQSYG,ACCAGTGATCAAAGTTATGGT,LFWYKQPSSGEMIFLIY,CTCTTCTGGTACAAGCAGCCCAGCAGTGGGGAAATGATTTTTCTTATTTAT,QGSYDEQN,CAGGGGTCTTATGACGAGCAAAAT,ATEGRYSLNFQKARKSANLVISASQLGDSAMYF,GCAACAGAAGGTCGCTACTCATTGAATTTCCAGAAGGCAAGAAAATCCGCCAACCTTGTCATCTCCGCTTCACAACTGGGGGACTCAGCAATGTATTTC,CAIRGSNYKLTF,TGTGCAATCCGCGGTAGCAACTATAAACTGACATTT,GKGTLLTVNP,GGAAAAGGAACTCTCTTAACCGTGAATCCAA,3869,12,75,425,350,420,11,475,135,213,213,234,234,285,285,309,309,408,408,444,444,475
clonotype22,clonotype22_consensus1,518,TRB,TRBV6-5,,TRBJ2-7,TRBC2,true,true,NAGVTQTPKFQVLKTGQSMTLQCAQD,AATGCTGGTGTCACTCAGACCCCAAAATTCCAGGTCCTGAAGACAGGACAGAGCATGACACTGCAGTGTGCCCAGGAT,MNHEY,ATGAACCATGAATAC,MSWYRQDPGMGLRLIHY,ATGTCCTGGTATCGACAAGACCCAGGCATGGGGCTGAGGCTGATTCATTAC,SVGAGI,TCAGTTGGTGCTGGTATC,TDQGEVPNGYNVSRSTTEDFPLRLLSAAPSQTSVYF,ACTGACCAAGGAGAAGTCCCCAATGGCTACAATGTCTCCAGATCAACCACAGAGGATTTCCCGCTCAGGCTGCTGTCGGCTGCTCCCTCCCAGACATCTGTGTACTTC,CASTPVTGAPWEQYF,TGTGCCAGCACCCCGGTCACAGGGGCACCGTGGGAGCAGTACTTC,GPGTRLTVT,GGGCCGGGCACCAGGCTCACGGTCACAG,6035,17,66,410,344,419,0,466,123,201,201,216,216,267,267,285,285,393,393,438,438,466
clonotype22,clonotype22_consensus2,609,TRA,TRAV3,,TRAJ47,TRAC,true,true,AQSVAQPEDQVNVAEGNPLTVKCTYS,GCTCAGTCAGTGGCTCAGCCGGAAGATCAGGTCAACGTTGCTGAAGGGAATCCTCTGACTGTGAAATGCACCTATTCA,VSGNPY,GTCTCTGGAAACCCTTAT,LFWYVQYPNRGLQFLLK,CTTTTTTGGTATGTTCAATACCCCAACCGAGGCCTCCAGTTCCTTCTGAAA,YITGDNLV,TACATCACAGGGGATAACCTGGTT,KGSYGFEAEFNKSQTSFHLKKPSALVSDSALYF,AAAGGCAGCTATGGCTTTGAAGCTGAATTTAACAAGAGCCAAACCTCCTTCCACCTGAAGAAACCATCTGCCCTTGTGAGCGACTCCGCTTTGTACTTC,CAVNYGNKLVF,TGTGCTGTGAACTATGGAAACAAGCTGGTCTTT,GAGTILRVKS,GGCGCAGGAACCATTCTGAGAGTCAAGTCCT,874,6,176,519,343,510,0,567,233,311,311,329,329,380,380,404,404,503,503,536,536,567
clonotype23,clonotype23_consensus1,498,TRB,TRBV6-6,,TRBJ2-5,TRBC2,true,true,NAGVTQTPKFRILKIGQSMTLQCTQD,AATGCTGGTGTCACTCAGACCCCAAAATTCCGCATCCTGAAGATAGGACAGAGCATGACACTGCAGTGTACCCAGGAT,MNHNY,ATGAACCATAACTAC,MYWYRQDPGMGLKLIYY,ATGTACTGGTATCGACAAGACCCAGGCATGGGGCTGAAGCTGATTTATTAT,SVGAGI,TCAGTTGGTGCTGGTATC,TDKGEVPNGYNVSRSTTEDFPLRLELAAPSQTSVYF,ACTGATAAAGGAGAAGTCCCGAATGGCTACAACGTCTCCAGATCAACCACAGAGGATTTCCCGCTCAGGCTGGAGTTGGCTGCTCCCTCCCAGACATCTGTGTACTTC,CASSPWAGERETQYF,TGTGCCAGCAGCCCATGGGCGGGAGAACGTGAGACCCAGTACTTC,GPGTRLLVL,GGGCCAGGCACGCGGCTCCTGGTGCTCG,178,3,46,390,344,398,0,446,103,181,181,196,196,247,247,265,265,373,373,418,418,446
clonotype23,clonotype23_consensus2,518,TRA,TRAV21,,TRAJ33,TRAC,true,true,KQEVTQIPAALSVPEGENLVLNCSFT,AAACAGGAGGTGACACAGATTCCTGCAGCTCTGAGTGTCCCAGAAGGAGAAAACTTGGTTCTCAACTGCAGTTTCACT,DSAIYN,GATAGCGCTATTTACAAC,LQWFRQDPGKGLTSLLL,CTCCAGTGGTTTAGGCAGGACCCTGGGAAAGGTCTCACATCTCTGTTGCTT,IQSSQRE,ATTCAGTCAAGTCAGAGAGAG,QTSGRLNASLDKSSGRSTLYIAASQPGDSATYL,CAAACAAGTGGAAGACTTAATGCCTCGCTGGATAAATCATCAGGACGTAGTACTTTATACATTGCAGCTTCTCAGCCTGGTGACTCAGCCACCTACCTC,CAVRPDSNYQLIW,TGTGCTGTGAGGCCCGATAGCAACTATCAGTTAATCTGG,GAGTKLIIKP,GGCGCTGGGACCAAGCTAATTATAAAGCCAG,1122,2,82,418,336,419,0,476,139,217,217,235,235,286,286,307,307,406,406,445,445,476
clonotype24,clonotype24_consensus1,814,TRB,TRBV6-5,TRBD1,TRBJ1-2,TRBC1,true,true,NAGVTQTPKFQVLKTGQSMTLQCAQD,AATGCTGGTGTCACTCAGACCCCAAAATTCCAGGTCCTGAAGACAGGACAGAGCATGACACTGCAGTGTGCCCAGGAT,MNHEY,ATGAACCATGAATAC,MSWYRQDPGMGLRLIHY,ATGTCCTGGTATCGACAAGACCCAGGCATGGGGCTGAGGCTGATTCATTAC,SVGAGI,TCAGTTGGTGCTGGTATC,TDQGEVPNGYNVSRSTTEDFPLRLLSAAPSQTSVYF,ACTGACCAAGGAGAAGTCCCCAATGGCTACAATGTCTCCAGATCAACCACAGAGGATTTCCCGCTCAGGCTGCTGTCGGCTGCTCCCTCCCAGACATCTGTGTACTTC,CASSLGTGIGYYGYTF,TGTGCCAGCAGTCTAGGGACAGGGATCGGCTACTATGGCTACACCTTC,GSGTRLTVV,GGTTCGGGGACCAGGTTAACCGTTGTAG,1691,6,66,410,344,421,0,469,123,201,201,216,216,267,267,285,285,393,393,441,441,469
clonotype25,clonotype25_consensus1,715,TRB,TRBV5-6,,TRBJ2-7,TRBC2,true,true,DAGVTQSPTHLIKTRGQQVTLRCSPK,GACGCTGGAGTCACCCAAAGTCCCACACACCTGATCAAAACGAGAGGACAGCAAGTGACTCTGAGATGCTCTCCTAAG,SGHDT,TCTGGGCATGACACT,VSWYQQALGQGPQFIFQ,GTGTCCTGGTACCAACAGGCCCTGGGTCAGGGGCCCCAGTTTATCTTTCAG,YYEEEE,TATTATGAGGAGGAAGAG,RQRGNFPDRFSGHQFPNYSSELNVNALWLGDSALYL,AGACAGAGAGGCAACTTCCCTGATCGATTCTCAGGTCACCAGTTCCCTAACTATAGCTCTGAGCTGAATGTGAACGCCTTGTGGCTGGGGGACTCGGCCCTCTATCTC,CASRTYQAGDEGEQYF,TGTGCCAGCAGGACGTACCAAGCGGGAGATGAGGGCGAGCAGTACTTC,GPGTRLTVT,GGGCCGGGCACCAGGCTCACGGTCACAG,1694,5,260,603,343,622,6,663,317,395,395,410,410,461,461,479,479,587,587,635,635,663
clonotype26,clonotype26_consensus1,715,TRB,TRBV5-6,,TRBJ2-7,TRBC2,true,true,DAGVTQSPTHLIKTRGQQVTLRCSPK,GACGCTGGAGTCACCCAAAGTCCCACACACCTGATCAAAACGAGAGGACAGCAAGTGACTCTGAGATGCTCTCCTAAG,SGHDT,TCTGGGCATGACACT,VSWYQQALGQGPQFIFQ,GTGTCCTGGTACCAACAGGCCCTGGGTCAGGGGCCCCAGTTTATCTTTCAG,YYEEEE,TATTATGAGGAGGAAGAG,RQRGNFPDRFSGHQFPNYSSELNVNALWLGDSALYL,AGACAGAGAGGCAACTTCCCTGATCGATTCTCAGGTCACCAGTTCCCTAACTATAGCTCTGAGCTGAATGTGAACGCCTTGTGGCTGGGGGACTCGGCCCTCTATCTC,CASRTYQAGDEGEQYF,TGTGCCAGCAGGACGTACCAAGCGGGAGATGAGGGCGAGCAGTACTTC,GPGTRLTVT,GGGCCGGGCACCAGGCTCACGGTCACAG,4966,14,260,603,343,622,6,663,317,395,395,410,410,461,461,479,479,587,587,635,635,663
clonotype27,clonotype27_consensus1,527,TRB,TRBV16,,TRBJ2-7,TRBC2,true,true,GEEVAQTPKHLVRGEGQKAKLYCAPI,GGTGAAGAAGTCGCCCAGACTCCAAAACATCTTGTCAGAGGGGAAGGACAGAAAGCAAAATTATATTGTGCCCCAATA,KGHSY,AAAGGACACAGTTAT,VFWYQQVLKNEFKFLIS,GTTTTTTGGTACCAACAGGTCCTGAAAAACGAGTTCAAGTTCTTGATTTCC,FQNENV,TTCCAGAATGAAAATGTC,FDETGMPKERFSAKCLPNSPCSLEIQATKLEDSAVYF,TTTGATGAAACAGGTATGCCCAAGGAAAGATTTTCAGCTAAGTGCCTCCCAAATTCACCCTGTAGCCTTGAGATCCAGGCTACGAAGCTTGAGGATTCAGCAGTGTATTTT,CASSLTSGHSYEQYF,TGTGCCAGCAGCCTAACTAGCGGGCACTCCTACGAGCAGTACTTC,GPGTRLTVT,GGGCCGGGCACCAGGCTCACGGTCACAG,2902,10,72,419,347,428,0,475,129,207,207,222,222,273,273,291,291,402,402,447,447,475
clonotype27,clonotype27_consensus2,567,TRA,TRAV8-4,,TRAJ30,TRAC,true,true,AQSVTQLGSHVSVSEGALVLLRCNYS,GCCCAGTCGGTGACCCAGCTTGGCAGCCACGTCTCTGTCTCTGAAGGAGCCCTGGTTCTGCTGAGGTGCAACTACTCA,SSVPPY,TCGTCTGTTCCACCATAT,LFWYVQYPNQGLQLLLK,CTCTTCTGGTATGTGCAATACCCCAACCAAGGACTCCAGCTTCTCCTGAAG,YTSAATLV,TACACATCAGCGGCCACCCTGGTT,KGINGFEAEFKKSETSFHLTKPSAHMSDAAEYF,AAAGGCATCAACGGTTTTGAGGCTGAATTTAAGAAGAGTGAAACCTCCTTCCACCTGACGAAACCCTCAGCCCATATGAGCGACGCGGCTGAGTACTTC,CAVGGNRDDKIIF,TGTGCTGTGGGGGGGAACAGAGATGACAAGATCATCTTT,GKGTRLHILP,GGAAAAGGGACACGACTTCATATTCTCCCCA,1583,7,128,469,341,468,0,525,185,263,263,281,281,332,332,356,356,455,455,494,494,525
clonotype28,clonotype28_consensus1,484,TRB,TRBV4-1,,TRBJ2-3,TRBC2,true,true,DTEVTQTPKHLVMGMTNKKSLKCEQH,GACACTGAAGTTACCCAGACACCAAAACACCTGGTCATGGGAATGACAAATAAGAAGTCTTTGAAATGTGAACAACAT,MGHRA,ATGGGGCACAGGGCT,MYWYKQKAKKPPELMFV,ATGTATTGGTACAAGCAGAAAGCTAAGAAGCCACCGGAGCTCATGTTTGTC,YSYEKL,TACAGCTATGAGAAACTC,SINESVPSRFSPECPNSSLLNLHLHALQPEDSALYL,TCTATAAATGAAAGTGTGCCAAGTCGCTTCTCACCTGAATGCCCCAACAGCTCTCTCTTAAACCTTCACCTACACGCCCTGCAGCCAGAAGACTCAGCCCTGTATCTC,CASSQLVGVGADTQYF,TGCGCCAGCAGCCAGCTCGTTGGGGTAGGAGCAGATACGCAGTATTTT,GPGTRLTVL,GGCCCAGGCACCCGGCTGACAGTGCTCG,16623,40,29,373,344,383,0,432,86,164,164,179,179,230,230,248,248,356,356,404,404,432
clonotype28,clonotype28_consensus2,512,TRA,TRAV6,,TRAJ30,TRAC,true,true,SQKIEQNSEALNIQEGKTATLTCNYT,AGCCAAAAGATAGAACAGAATTCCGAGGCCCTGAACATTCAGGAGGGTAAAACGGCCACCCTGACCTGCAACTATACA,NYSPAY,AACTATTCTCCAGCATAC,LQWYRQDPGRGPVFLLL,TTACAGTGGTACCGACAAGATCCAGGAAGAGGCCCTGTTTTCTTGCTACTC,IRENEKE,ATACGTGAAAATGAGAAAGAA,KRKERLKVTFDTTLKQSLFHITASQPADSATYL,AAAAGGAAAGAAAGACTGAAGGTCACCTTTGATACCACCCTTAAACAGAGTTTGTTTCATATCACAGCCTCCCAGCCTGCAGACTCAGCTACCTACCTC,CALYMNRDDKIIF,TGTGCTCTCTACATGAACAGAGATGACAAGATCATCTTT,GKGTRLHILP,GGAAAAGGGACACGACTTCATATTCTCCCCA,2388,7,16,413,397,413,0,470,133,211,211,229,229,280,280,301,301,400,400,439,439,470
clonotype29,clonotype29_consensus1,487,TRB,TRBV4-1,,TRBJ1-5,TRBC1,true,true,DTEVTQTPKHLVMGMTNKKSLKCEQH,GACACTGAAGTTACCCAGACACCAAAACACCTGGTCATGGGAATGACAAATAAGAAGTCTTTGAAATGTGAACAACAT,MGHRA,ATGGGGCACAGGGCT,MYWYKQKAKKPPELMFV,ATGTATTGGTACAAGCAGAAAGCTAAGAAGCCACCGGAGCTCATGTTTGTC,YSYEKL,TACAGCTATGAGAAACTC,SINESVPSRFSPECPNSSLLNLHLHALQPEDSALYL,TCTATAAATGAAAGTGTGCCAAGTCGCTTCTCACCTGAATGCCCCAACAGCTCTCTCTTAAACCTTCACCTACACGCCCTGCAGCCAGAAGACTCAGCCCTGTATCTC,CASSPTAGQAVGMAQHF,TGCGCCAGCAGCCCAACGGCGGGACAGGCGGTTGGAATGGCCCAGCATTTT,GDGTRLSIL,GGTGATGGGACTCGACTCTCCATCCTAG,34004,95,29,373,344,396,11,435,86,164,164,179,179,230,230,248,248,356,356,407,407,435
clonotype29,clonotype29_consensus2,574,TRA,TRAV29/DV5,,TRAJ53,TRAC,true,true,DQQVKQNSPSLSVQEGRISILNCDYT,GACCAGCAAGTTAAGCAAAATTCACCATCCCTGAGCGTCCAGGAAGGAAGAATTTCTATTCTGAACTGTGACTATACT,NSMFDY,AACAGCATGTTTGATTAT,FLWYKKYPAEGPTFLIS,TTCCTATGGTACAAAAAATACCCTGCTGAAGGTCCTACATTCCTGATATCT,ISSIKDK,ATAAGTTCCATTAAGGATAAA,NEDGRFTVFLNKSAKHLSLHIVPSQPGDSAVYF,AATGAAGATGGAAGATTCACTGTTTTCTTAAACAAAAGTGCCAAGCACCTCTCTCTGCACATTGTGCCCTCCCAGCCTGGAGACTCTGCAGTGTACTTC,CAASADGGSNYKLTF,TGTGCAGCAAGCGCGGATGGAGGTAGCAACTATAAACTGACATTT,GKGTLLTVNP,GGAAAAGGAACTCTCTTAACCGTGAATCCAA,3149,12,111,469,358,473,7,532,189,267,267,285,285,336,336,357,357,456,456,501,501,532
clonotype30,clonotype30_consensus1,526,TRB,TRBV13,TRBD1,TRBJ2-1,TRBC2,true,true,AAGVIQSPRHLIKEKRETATLKCYPI,GCTGCTGGAGTCATCCAGTCCCCAAGACATCTGATCAAAGAAAAGAGGGAAACAGCCACTCTGAAATGCTATCCTATC,PRHDT,CCTAGACACGACACT,VYWYQQGPGQDPQFLIS,GTCTACTGGTACCAGCAGGGTCCAGGTCAGGACCCCCAGTTCCTCATTTCG,FYEKMQ,TTTTATGAAAAGATGCAG,SDKGSIPDRLSAQQFSDYHSELNMSSLELGDSALYF,AGCGATAAAGGAAGCATCCCTGATCGACTCTCAGCTCAACAGTTCAGTGACTATCATTCTGAACTGAACATGAGCTCCTTGGAGCTGGGGGACTCAGCCCTGTACTTC,CASLYGGGGNEQFF,TGTGCCAGCCTATACGGGGGAGGGGGCAATGAGCAGTTCTTC,GPGTRLTVL,GGGCCAGGGACACGGCTCACCGTGCTAG,3998,8,47,421,374,430,6,474,134,212,212,227,227,278,278,296,296,404,404,446,446,474
